<?xml version="1.0" encoding="UTF-8"?><rss version="2.0"
	xmlns:content="http://purl.org/rss/1.0/modules/content/"
	xmlns:wfw="http://wellformedweb.org/CommentAPI/"
	xmlns:dc="http://purl.org/dc/elements/1.1/"
	xmlns:atom="http://www.w3.org/2005/Atom"
	xmlns:sy="http://purl.org/rss/1.0/modules/syndication/"
	xmlns:slash="http://purl.org/rss/1.0/modules/slash/"
	>

<channel>
	<title>SamJosephSullivan</title>
	<atom:link href="/feed/" rel="self" type="application/rss+xml" />
	<link></link>
	<description>Designer/Illustrator</description>
	<lastBuildDate>Fri, 22 Mar 2024 16:08:11 +0000</lastBuildDate>
	<language>en-US</language>
	<sy:updatePeriod>
	hourly	</sy:updatePeriod>
	<sy:updateFrequency>
	1	</sy:updateFrequency>
	<generator>https://wordpress.org/?v=6.4.3</generator>

<image>
	<url>/wp-content/uploads/2024/03/Sam-Joseph-Sullivan-Black-Basic-150x150.png</url>
	<title>SamJosephSullivan</title>
	<link></link>
	<width>32</width>
	<height>32</height>
</image> 
</channel>
</rss>
